name, email
Patrick Kelly,robolrug@pire.kh
Edith Stokes,oleva@dime.ls
Elva Dawson,vualka@fe.pw
Brent Bowman,unolafpec@vu.nc
Herman Cain,rezi@mip.tm
Edgar Ross,pesunuj@veladvuh.kw
Blake Harmon,ok@hod.gd
Minnie Francis,ureruj@ileno.in
Jean Nguyen,kabov@fegavni.co
Brent West,hu@sinu.gd
Lettie Reyes,iduufajos@da.gw
Edward Patrick,huteheug@rimiwo.org
Joel Lucas,vevun@ten.vg
Leroy Lindsey,goltadico@zumire.sl
Ronnie Greer,maac@okiebso.mu
Addie Armstrong,zojte@veha.sb
Gordon Moss,tutbucna@kajzilba.nr
Laura Logan,cazfef@wu.ml
Bobby Martinez,vojiw@hitdogaza.se
Joshua Cortez,hel@pe.er
Esther Warren,sa@gasagev.sc
Katie Kennedy,imucu@itgigda.es
Keith Ortega,eca@ba.gn
Eva Frazier,idipe@je.sa
Minnie Rivera,fa@niw.ax
Ethel Tate,ab@wuj.fm
Nellie Hughes,zuna@jot.mq
Maggie Collins,afecasja@vekba.bo
Corey Manning,ofder@jadwun.bq
Gabriel Jenkins,jisutda@zezrep.ee
Noah Johnston,cibuul@isugwe.gs
Danny Watson,jamak@ihtuh.tj
Craig Flowers,vupcase@dibom.pn
Stella Benson,wibin@wuhu.edu
Mildred Martin,nenused@mu.edu
Milton Rogers,somueme@ro.by
Lela Lamb,po@mo.cv
Jay Vasquez,tamfav@mes.ro
Millie Stevens,sirna@gujce.kz
Adelaide Schwartz,huk@eb.mw
Glenn Johnston,lojhaco@baviraniw.gr
Claudia Greer,dot@acofa.se
Myrtle Fitzgerald,buz@zumfefwot.eg
Isaiah Page,nosupi@omkomgo.gw
Cynthia Cobb,uszuc@fege.id
Scott Bryan,fesajfic@keobo.kh
Theresa Allen,zuvimir@muw.cw
Ada McBride,ri@damvugso.rw
Randy Maldonado,zihawu@mavbu.hk
Norman Frazier,fuma@ihowe.rw
Kenneth Baldwin,hikobfeg@boppo.ve
Nathaniel Hill,lug@bopmito.ss
Christina Evans,go@wouce.cu
Ray Hicks,ecpis@jowipur.ne
Douglas Snyder,ubifes@rozen.eg
Zachary Gibbs,ul@nozel.dz
Jayden Wolfe,tisjota@raban.sb
Kathryn Gordon,kigapu@zowfefaw.bf
Steve Santiago,vacku@ajwe.bb
Harry West,wiferka@zigzuboj.bn
Rachel Holt,cuwijok@laifu.yt
Lina Glover,fer@pawesav.tv
Brett Norton,lajizwu@nu.yt
Bertie Banks,wiprefa@biazag.dz
Christopher Rogers,eta@wetbis.la
Janie Bowen,zeibi@mujo.ac
William Elliott,taceg@uwuzaic.ac
Ronnie Mack,ivoat@pud.ly
Bradley Owens,hokjem@ofvoh.cl
Mathilda Dixon,gamcujuli@imavib.bd
Alberta Cross,ezice@vo.cx
Cornelia Poole,jajub@gigoj.ye
Seth Parsons,odite@jatru.je
Iva Drake,bo@finah.mc
Christina Russell,paridse@zoegadi.hn
Craig McLaughlin,lefone@hifuop.qa
Rose Becker,kaapfil@fi.bh
Russell Hoffman,liksoge@ucosim.az
Vincent George,kin@ufikijjaf.li
Bessie Fernandez,bidlenof@zuzome.pe
Gertrude Ramos,didsihi@nakkavig.mp
Bertha Marshall,zob@ca.sj
Tyler Duncan,habvu@fuvug.sj
Mittie Mack,oc@cazce.bq
Isaac Guerrero,cektupcan@fu.zm
Isaiah Floyd,micdigwoh@dabaz.tz
Daniel Malone,jikevce@efuopo.pf
Betty Hughes,hepeldol@hipu.cy
Philip Lamb,ulihi@voknaj.er
Bessie Morris,ve@tedu.net
Bertie Powell,jecov@taseksi.nz
Stanley Clarke,pa@sanipow.lt
Joseph Mills,joh@kag.bw
Angel McBride,gaiho@jej.za
Blake Bass,nozogi@et.mg
Bettie Ferguson,ledo@jicdu.ml
Mason Hamilton,seczigna@favi.pn
Gary Vasquez,gomemum@sitpuco.sj
Stanley Fernandez,matlafun@jafur.zw
Gene Foster,dout@vulas.fj
Linnie Carson,gowom@oj.us
Janie Neal,mu@uhuzem.as
Maria Santos,ujadi@voc.com
Cecilia Paul,afben@olhu.pf
Betty Banks,folos@juzmiw.bw
Cameron Cunningham,onotama@polo.lb
Angel Day,rabug@maravjuh.am
Sue Long,dedofkaw@zezitgu.bv
Kate Pena,zoheci@mafo.mh
Sophie Lamb,canulmi@mab.al
Adele Harrington,wiben@tufafhov.an
Emily Ortega,fiwiporev@dih.gm
Terry Bowers,ufi@zide.de
Bess Tate,fikik@wob.ye
Phoebe Miller,wo@tijizru.ar
Hannah Andrews,wuhufabe@bipej.nr
Martha Salazar,zuspug@ku.om
Mary Curtis,afezafag@cib.nl
Kathryn Rhodes,lu@win.bb
Dean Perez,wuk@piriw.lc
Carrie Franklin,natnuk@ippihop.ne
Frances Silva,fo@urlir.az
Maude Mills,nu@vekane.zw
Mayme Cross,hotet@aki.tw
Lawrence Spencer,gisepo@ci.gr
Kathryn King,bu@le.nr
Philip Taylor,onboimu@jercajor.lc
Melvin Patrick,pupul@jusvalo.je
Dominic Gonzales,jor@kissastok.bh
Ola French,cubni@dohi.bw
Marie Dunn,igle@senibase.ma
Eunice Warren,ubaku@posaw.gg
Corey Chapman,cur@teb.ck
Cora Carpenter,omigivbif@pucum.ac
Adeline Hicks,vifam@nen.jm
Marion Bryant,ippodbu@meiha.ms
Steve Rogers,wapa@iwcow.br
Dean Martinez,rejo@ved.io
Nathan Wise,iflimke@casus.pg
Tommy Stevenson,ej@lo.ml
Wesley Bishop,kosguebe@jac.pk
Marvin Harrison,surveuda@tojwen.er
Josephine Montgomery,ele@ho.gr
Glenn Fox,ari@ilo.it
Michael Marsh,minivi@viv.md
Rosie Becker,upi@os.co.uk
Ruby Tate,izoowced@ukcucsa.cy
Landon Tyler,fi@deez.et
Lydia Saunders,we@ve.lv
Raymond Willis,vu@kec.bs
Albert Hart,wohmavol@ehe.bt
Isabella Bates,juvalo@pod.yt
Mina Shelton,afsi@larrissab.ss
Flora Patton,jopwepic@gurve.in
Hannah Hayes,be@duwsa.gt
Ruby Sandoval,mavlopci@fiz.kg
Clyde Robbins,sena@jauhi.lr
Cameron Ford,undi@kemketu.lc
Marc Floyd,ali@palas.so
Lewis Moody,vilanso@big.bd
Clifford Vega,pavuc@lulago.kr
Seth Bates,siz@eji.edu
Jon Adkins,maru@micil.kw
Birdie Hughes,vaod@ok.dz
Mabelle Arnold,sase@sobfan.lc
Daisy Foster,muk@paveg.gp
Ethel Hale,zapo@olohezrug.ge
Jesse Mason,go@duk.cx
Birdie Maldonado,na@tupfuefa.st
Melvin Love,lucew@fabreguw.bb
Ollie McDonald,rejemgel@biub.bq
Ann Dean,anbiga@ezumiv.om
Rhoda Carter,hopinma@vi.edu
Don Lamb,tadrakaj@uzuj.dj
Hannah Clayton,ug@hicfipda.sj
Bobby Cohen,bikev@rizpom.ec
Winifred Vega,uluve@vurpe.dj
Logan Barton,sa@se.tk
Charlie McCormick,tehakepa@zi.hu
Alta Sims,davinakok@ricoem.br
Susan Hudson,vuzpogwof@fiabegap.bd
Bobby Black,kuka@nundiv.ac
Nelle Reese,ze@jetowir.pg
John Murphy,tas@tipakzo.kr
Verna Lawrence,sog@wagegni.tv
Jared Barton,pasfidela@co.la
Elsie Burton,hat@bib.tp
Jennie Webster,fa@gupmem.ht
Francis Medina,piz@daco.my
Callie Turner,un@fufape.lk
Eric Romero,fo@top.kz
Jayden Bowen,had@kiinba.sh
Essie Nunez,aghoh@neza.be
Amelia Patrick,vif@va.ie
Lucas Watson,oci@umhi.bs
Myrtle Lopez,wobijpun@wa.aq
Jerome Martinez,cecura@cec.ck
Maria Mullins,iv@ilmu.tr
Zachary Thompson,ugo@adoif.id
Florence Poole,nojokwim@ifi.ni
Jesse Brown,zarvu@vag.fj
Fannie Bishop,itiumu@puneroj.net
Roxie Guerrero,fi@iv.no
Shane Lyons,cajgow@ip.pg
Celia Wise,kogvun@ju.dz
Logan Doyle,ulabipgaf@ha.tl
Ralph Dean,gep@afeci.no
Emily Jenkins,nacco@ke.la
Clarence Fitzgerald,pozdanwof@cavmap.sk
Brett Morales,puho@nupato.pl
Dora Olson,mowivwom@vupimwa.nc
Calvin Conner,uwo@tul.bb
Ollie Meyer,udo@miav.in
Amelia Hawkins,cikud@faturuf.tf
Marion Baldwin,cefe@omifi.bv
Lenora Johnson,hov@joha.va
Lawrence Cook,viwcusor@rorekaus.ni
Jayden Mathis,kuji@givuwalu.bg
Clifford Frazier,imoihubuk@cijon.so
Carlos Sparks,fupadi@ga.ky
Mollie Payne,dasnecwed@zorjifki.gw
Amelia Gardner,feme@pavce.iq
Sophia Roberts,otuvu@pu.tj
Hulda Gray,faknu@tove.om
Dominic Jones,uhsuoku@jerke.ao
Jean Christensen,liid@bulpi.mp
Bess Simmons,tavve@he.gov
Elva Rose,luhzi@gi.pe
Louise Cruz,ejzohpa@hakutha.ly
Micheal Bell,vijuviful@ru.cc
Mollie Byrd,maz@dipomidi.am
Marian Floyd,hujod@ka.mn
Nina Stone,teg@tal.dm
Curtis Sparks,vejwos@dohpon.in
Lilly Craig,minfitpod@ebcoomu.pn
Philip Cunningham,debabcib@kuho.ca
Glen Thompson,apefogli@osocihemo.io
Warren Vargas,vega@jupci.li
May May,aho@giti.am
Raymond Gordon,hu@cukrovo.li
Ray Hogan,pabwup@tocmeplun.zw
Loretta Martin,izi@ibrorar.si
Frank Lynch,iha@hupodif.mz
Connor Bell,rif@kewvezef.tn
Bertie Stanley,wimjif@cehop.ne
Harvey Hale,zewomu@joddun.au
Polly Bryant,jehnu@koifuh.me
Hilda Murray,mevucas@la.bo
Jesse Goodman,pu@racut.zm
Lizzie Stephens,zaha@wojub.mv
Cory Sharp,ofonulu@zicaive.io
Verna Collier,fugfan@epcu.bj
Jane Hudson,ludfatva@wup.sd
Effie Anderson,migwob@wogce.ro
Eunice Hampton,fuva@gamamefi.cd
Clifford George,medfon@me.pf
Edgar Soto,ahoni@miacode.mm
Michael Gibbs,bebanabeb@wem.nc
Ricardo Duncan,hod@hiw.bz
Cameron Marshall,walofiva@dahwogti.fr
Nina Turner,tofehor@mino.sl
Sally Collier,narnaum@cecvo.th
Timothy Bishop,we@ceavdes.tg
Harry Huff,gugdehhev@rer.so
Chester Johnston,pajo@kez.sz
Stella Mendez,gasi@fu.im
Patrick Jones,jefzera@ok.cx
Dominic Ramos,oksolda@ho.an
Kate Moran,onwomag@bu.ve
May Simpson,mukzajpi@besas.bg
Gabriel Russell,feziko@horos.cz
Emma Wade,corbonfu@mi.tl
Mattie Harris,meklimsoj@goliboce.sg
Joel Summers,reakdo@livobeoki.cc
Mayme Page,gail@si.pn
Kyle Barnes,rukedam@wigtir.md
Matilda Reese,iz@vabawedol.cz
Brandon Gutierrez,jakim@te.tw
Edwin Henderson,godova@perowi.pk
Fannie Manning,lumakaf@nawpa.ye
Walter Cummings,wuawto@pidhawik.et
Lucy Simmons,fe@cilugud.ma
Myrtle George,vohwe@inufin.lc
Travis Simmons,sipfub@ziz.er
Augusta Griffin,vo@letime.ai
Jeremy Wright,mul@as.bo
Pearl Schneider,cic@jolwa.fr
Ronald White,jagmebe@racikof.fk
Ola Taylor,uv@doamesa.ga
Carl Bell,ew@simaahe.is
Jack Brown,nolo@jozouk.ac
Jeremy Owens,eko@everireli.ht
Harriet Holland,cugov@vopo.se
Leona Keller,bi@docofza.cu
Willie Cobb,rikah@dob.sk
Nina Campbell,sow@mik.com
Cecilia Hubbard,bivhe@mamijka.cn
Victor Schmidt,ha@suebi.fk
Etta Barton,hu@ba.ee
Dean Ramirez,mava@pikkeaco.tn
Cora Johnston,dogibol@wonom.bz
Bobby Spencer,pi@va.zm
Christopher Rios,zoj@sujobzad.ma
Claudia Hoffman,raklur@vitohjiw.so
Rose Castillo,fawikaca@sosi.tm
Jose Carpenter,ahedujvu@ca.az
Brian Daniel,detem@wumfop.ls
Catherine Walters,denano@popiceb.cx
Adrian Waters,topido@torjej.se
Logan Adams,woedmul@hasaggad.va
Laura Hall,huipi@solcenet.ee
Grace Lambert,gor@zilvafhoc.me
Blake Duncan,wilagu@kunwug.ar
Lucille Baker,sojaf@vesiezi.ec
Rosa Higgins,jirizi@ruja.kh
Nina Spencer,suwujwe@nudwohvug.fj
Harvey Franklin,vewuza@kizi.wf
Douglas Jackson,mo@an.jo
Vernon Dean,udwar@filki.net
Eugenia Griffin,kuwva@kovi.sm
Cordelia Greene,ohuhatuw@combunmiz.ad
Bobby Guzman,vomzigfod@bamahmed.sm
Chad Ford,pata@pu.mq
Myra Perez,dalaz@piraccuz.mr
Dylan Sims,cikrul@tab.bq
Gavin Bowen,olebalmib@zuboece.bq
Lina Campbell,namlameg@da.vc
Arthur Nash,mavadjut@nevnedet.ki
Lily Vega,vihpagiz@dovkula.az
Noah Harris,cuzemuni@jof.eh
Jack Manning,ked@wahbe.org
Pauline Boone,tuislo@lekka.ag
Andrew Hoffman,lof@wuz.ws
Carolyn Perkins,oluicicap@ceh.hu
Leah Cohen,hasnifig@di.hk
John Medina,kudmisu@izazu.cw
Lettie Townsend,vujpasinu@rivvikpos.an
Dorothy Rhodes,bekol@zuowotan.sv
Nathaniel Mullins,omote@zizug.mu
Rebecca Craig,vagkew@tosoda.sd
Jesus Hawkins,ubhuszig@rodhas.in
Phillip Cross,koohije@upabicpo.bo
Isabel Russell,donivte@vis.bj
Mattie Watson,dih@fumer.si
Blanche Flowers,ko@lofgeh.nf
Lily Davis,witzive@ranedjiz.gl
Stephen Clarke,of@ircub.cm
Lela Wells,keheh@tel.bd
Margaret Griffith,wa@zeap.zm
Josephine Flores,vifrolog@ta.mv
Hunter Rogers,bibu@zi.ca
Caleb Andrews,kuol@gi.yt
Alexander Bennett,gusdovwuj@didiuw.cv
Noah Owens,documuti@cece.am
Rosie King,ud@wu.co
Lilly Clark,to@mohlogir.ve
Christian Mason,so@hul.cr
Billy Phelps,be@zotez.sz
Sophia Perez,mowmelfo@ru.mg
Harvey Kennedy,kutetbe@jiz.az
Isabelle Sims,fouviv@kogidji.ky
Adeline Townsend,vuhoavo@ufufu.pt
Barry Bridges,hinva@jar.net
Jonathan Warner,wilfow@tookfuz.ax
Fannie Keller,iviwu@ec.eg
Georgia Palmer,wopjuroga@mi.an
Jeanette Santos,devig@jouma.ci
Jayden Stewart,wej@buhu.ml
Maude Adkins,uwozurov@umikova.gy
Caleb Adams,opetomi@nokubkod.gd
Garrett McDonald,neta@pipwe.si
Daisy Fleming,egcivme@ipewu.ls
Adrian Morris,nuke@incojsah.co.uk
Kathryn Dean,cinif@pizlose.tw
Ralph Love,geiw@to.kz
Lelia Montgomery,wecem@rig.io
Edgar Paul,rolufa@romegok.gh
Clara Rios,miiwu@ipi.qa
Jesus Summers,miimiwog@vak.su
Jesse Young,pence@vacrig.tw
Jeanette Morales,kivima@capuj.ch
Matilda Dawson,kofga@heanehiw.pr
Ada Collins,eggezro@kisekmaj.by
Eugenia May,ofo@vegcofmed.vi
Emily Page,ihaheh@sorti.ag
Wesley Cole,kahmegom@tu.cn
Lillian Casey,cikju@tonden.bi
Claudia Fernandez,erakiw@mif.sx
Philip Lowe,laakimap@dizab.ci
Eleanor Graham,ug@of.me
Alberta Jordan,zommaawi@mirufaj.gp
Lucas Singleton,gedcowug@cijnu.sy
Vera Franklin,haz@subseda.ci
Josephine Brock,beg@we.je
Leo Alvarez,gig@ugu.hm
Elizabeth Cross,on@ritezom.vi
Andre Ingram,gasjigip@zoewulu.ng
Katie Robbins,ren@rehidoje.at
Ruby Sutton,hiner@nabudhet.mq
Fanny Porter,lodin@adawupu.gh
Clarence Stewart,febnedan@faztoabi.br
Cory Jackson,culhav@udiape.sy
Dennis Robbins,lachatuzo@cucer.kg
Rachel Swanson,zu@fuid.io
Hester Horton,zalen@poecge.ge
Sophia Stevenson,lo@mi.ms
Gertrude Simon,cakvo@ugejirud.nl
Dylan Reese,negegat@esjika.om
Todd Holloway,po@vopobwa.me
Louisa Austin,ufhejse@uswon.fo
Mabelle Woods,bu@juti.im
Josephine Atkins,asebeep@kuwumoj.si
Elnora Underwood,cubze@aczowah.om
Tyler Henry,dawnoak@uzij.yt
Jason Owens,sojhu@etodelis.pm
Isabella Park,fagu@ihi.ae
Lettie Glover,zod@duwune.my
Samuel Greer,omo@regedac.ma
Eric Andrews,mezime@gib.aw
Brian Flores,ucecufo@mufilzu.sy
Kevin Ball,denluh@ormef.us
Jeffrey Welch,la@buruj.vi
Jeremiah Welch,pah@izokundob.gg
Mildred Moreno,gef@afiope.vi
Daniel Hart,pilbegab@ecuaruma.cx
Winifred Alexander,tuz@ferpinol.mv
Howard Brady,hij@huveklak.bs
Louisa Cummings,rumkuvu@weej.pm
James Rivera,ehobek@ru.eg
Marian Tyler,tungejmi@itipiz.gp
Bobby Thompson,kafu@ajmejhuz.ng
Isaac Gordon,kawo@vo.com
Albert Houston,ov@zac.sn
Loretta Boone,zokalu@mo.tl
Georgie Jennings,fefedeg@wepafni.tm
Lulu Marsh,fisij@ippelrij.al
Brandon Drake,do@pabve.sn
Jeff Fisher,ge@luk.pk
Bryan Wheeler,faob@fo.vi
Vincent Bridges,wulid@ofimak.la
Henry Pope,savevde@hu.fo
Louise King,wiv@cij.gq
Lenora Marsh,dewil@dipe.mt
Mayme Brooks,ku@ke.ao
Max Lane,enmaris@rozen.cz
Earl Hodges,ulkoptip@ced.ne
Marvin Thomas,lefsom@goduddap.sh
Floyd Conner,de@owupur.cl
Delia Clarke,lukse@anovana.gp
Margaret Warren,otadot@lukeso.gb
Myra Stone,sibkan@rieratop.br
Johnny Logan,vivjegit@cew.er
Luella Kennedy,vapap@atuopuwo.hk
Margaret McCarthy,faiwakij@zu.lt
Iva Ballard,rijag@wedja.pn
Bradley Parker,wihida@ri.id
Samuel Goodwin,cubze@orte.tt
Ian Berry,izizuop@par.mt
Mark Delgado,ci@wuwad.gp
Rachel Hudson,ol@laniv.tk
Stephen Rios,ipke@jaj.mq
Walter Jenkins,lufmilvi@gazil.ck
Tillie Townsend,puvkob@nuk.ge
Winnie Burgess,kosok@ipourucol.gh
Dale Yates,vatzo@robag.sg
Albert Phelps,vuzohik@kodguisa.org
Franklin Berry,fu@wupece.pl
Joshua Diaz,uh@tuk.et
Ella Cain,wabfucaj@wihe.ls
Lucile Graves,nij@ren.sx
Kenneth Nash,dajcugcuz@rehac.rs
Floyd Wagner,ega@itewe.md
Ora Graves,vuete@buha.vc
Lloyd Green,jaf@kajhu.gh
Isaac Watts,de@wuzfikug.mq
Lucinda Brooks,nucilooko@se.cw
Elva Underwood,so@fikijbe.ai
Robert Logan,sowo@wadot.st
Jose Newman,belurmu@boesutet.cw
Johanna Wade,tog@kuponu.mw
Cecelia Powell,aj@jiwkiiz.ro
Tommy Wheeler,avi@tina.edu
Hettie Williams,upe@irhiufi.dz
Agnes Briggs,da@vekwej.bg
Betty Richards,cage@fefpiw.pw
Amy Riley,edev@ve.vg
Beatrice Obrien,gacmi@zopho.org
Ivan Moran,womufo@alinifom.ax
Lina Douglas,detinepep@sugtelop.cc
Sophia Vaughn,fopitbu@sufruhu.qa
Jose Wade,onevu@bepuhvi.sv
Katharine Torres,bug@hijdof.tg
Sophia Black,ogril@uzobe.us
Manuel Curtis,halnodom@ruufono.mq
Kevin Sherman,ud@wo.va
Catherine Bennett,no@furuta.gt
Cody Casey,kuttu@jibmolut.es
Kathryn Ward,pa@cafdo.vn
Susie Robbins,elfi@nilcagit.zm
Landon Rogers,devmijtis@at.md
Steve Ford,folazizoh@vojvarzi.ki
Lura Bryant,rizafoz@vu.cy
Ray Reeves,gotfa@hihgofu.gs
Harry Aguilar,evba@jefuaja.an
Vincent Reed,rez@dijfev.su
Anthony Carter,conses@antohja.fj
Isabella Wade,wefsi@lo.ye
Katie Watts,evave@jaj.pn
Lenora Fitzgerald,fowtudpun@wa.zw
Alberta Howard,wom@hehomnu.mu
Alan Ramos,nep@derazul.cy
Iva Santiago,in@cetan.io
Philip Powell,bit@ijoroto.so
Jeremiah Douglas,zunulvaf@guwon.re
Wesley Robbins,esopred@opgurad.im
Jeanette Morales,jotfi@jav.im
Isaac Gibbs,fuzo@kupji.gd
Brian Bass,bihhi@uwi.tr
Francisco Taylor,veze@liopema.mp
Vincent Paul,abozur@huwoh.pm
Dustin Daniel,lurupzi@cusujan.bg
Jennie Fuller,eji@opoclar.tg
Douglas McDaniel,democ@hecuw.it
Blanche Perez,al@su.km
Lucille Pearson,idu@gat.su
Nancy Barnett,reb@tur.cl
Edgar Watson,duho@ugove.sm
Max Oliver,tec@ulsi.nz
Sylvia Haynes,etapeno@ano.ni
Mike Sims,ragcevi@lot.kr
Effie Smith,mevislow@rudkol.is
Ina Frazier,woh@me.vn
Adam McCarthy,va@dive.bt
Ian McCarthy,sorehufup@la.su
Susie Erickson,newub@utzisof.er
Christopher Dennis,boseuro@ruwhedim.ru
Willie Thompson,babocin@beti.vu
Betty Jimenez,bihub@fagrovvu.sd
Mabelle Young,igilulwo@pegu.ir
Hettie Brewer,wepu@uhetma.hn
Ola Hammond,gas@jiwe.za
Julian Weber,ecpuh@zoc.ng
Anne Bradley,uk@rehto.vc
Rosie Cobb,ejore@tofomo.hn
Charles Hodges,vivevek@terihfoc.tn
Wesley Conner,elopivu@binmafe.gr
Richard Duncan,jugupuj@su.mq
Nannie Warren,dav@lu.sj
Beatrice Nichols,uhajin@tampi.no
Alvin Fernandez,sucuw@iro.kn
Daisy Santos,uvesrec@bu.be
Olivia Clarke,ko@lokta.wf
William Jimenez,li@hira.vi
Emily Williams,helo@gu.be
Jeffrey Santos,amiwet@oso.rs
Lenora Walton,di@wo.us
Frank Jimenez,rafeg@biolire.hk
Myrtle Garcia,zuja@uh.bw
Jerry Ballard,ibrul@gobi.mv
Jacob Torres,ves@imo.tw
Bertie Leonard,fafov@viwutinow.gq
Jane Drake,holam@dukir.by
Adam Gilbert,oretogzu@ij.kr
Jackson Tucker,siahe@maffog.th
Olive Steele,woz@luk.mm
Cecelia Turner,ozugiaru@ki.edu
Caroline Johnston,tu@sijlesti.sg
Jimmy Carter,liav@bo.kn
Bobby Vega,pibawi@vi.ch
Owen Daniels,rifnumjar@zilap.om
Randy Barton,fehbewuf@lawo.sc
Justin Cannon,mec@roego.cg
Lula Cain,liweztor@ubu.yt
Maud Butler,wum@vozbi.ki
Bertha Christensen,pip@cikdu.cf
Caroline Romero,zemiha@ca.ws
Leonard Santiago,dit@ul.ad
Stella Mack,cinnujluz@ic.ck
Andrew Burton,vunviofa@ejiragi.nf
Lizzie Howard,voruz@kicam.ml
Kate Wilson,mawbam@gimujge.gm
Maude Washington,ire@magu.ua
Madge Walton,ucsijsus@sapdoka.yt
Alvin Hammond,uw@wivo.ad
Augusta West,gu@uwbazhut.cy
Pearl Butler,cenwu@viazi.ls
Nancy Rice,hebo@wevob.dm
Allen Woods,calwupop@ajalcud.ga
Gordon Hudson,veljutu@rizepave.gm
Josephine Welch,safaga@fef.kh
Myra Rogers,vazu@duego.aq
Rodney Nichols,wenru@esig.je
Keith Arnold,debuz@piofujor.je
Jesse Quinn,ifomanaz@pudmo.bf
Garrett Walters,rug@paugotob.at
Hulda Barnett,zot@oghe.ci
Jean Lawson,fer@age.ke
Josephine Aguilar,vijcama@sek.zm
Celia Rogers,cebe@loun.uz
Amelia Fletcher,gim@zud.no
Beulah Murray,sinu@zi.bb
Lela Ortiz,socahnaw@miba.tp
Max Barnett,fihen@dotnopo.ba
John Garrett,cejowibic@keztok.co
Brian Newman,kojo@gufzupga.gu
Lester Pittman,masejomir@ca.pe
Franklin Huff,vid@duwa.ae
Emma Wilson,ma@ehe.bo
Maud Thompson,derneca@por.pa
Adelaide Hunt,lugaez@zuz.ss
Ruby Sparks,vitfa@vowvu.ua
Jeffrey Malone,ter@dahracviz.cg
Bettie Hale,rikega@zaezipu.gr
Oscar Cohen,wedniwom@copimpo.fm
Betty Fitzgerald,utahubut@wew.gw
Eleanor Henderson,riopo@mufi.vu
Willie Page,ucte@tetvac.is
Connor Potter,otpur@wihiseh.br
Thomas Cortez,zetus@kecuc.sv
Jesse Ray,pasa@ceulu.re
Eric Rodriguez,he@wuktorbed.do
Henrietta Walsh,pi@bulu.mu
Harriet Francis,wedsasev@rodot.co.uk
Mildred Ward,ju@ra.nr
Brandon Conner,ke@jiwule.mg
Leonard Barber,afo@keazbog.re
Bernice Mann,pougi@bademe.kz
Jared Munoz,ce@ja.to
Katharine Ford,nozollon@pu.pg
Betty Welch,babumvag@ib.np
Franklin Daniels,gu@bofikrot.ls
Jean Cruz,nuh@bowujo.ae
Barbara McCarthy,nama@galdow.lc
Annie Snyder,muvi@pavilavo.fj
Theodore Banks,mic@ef.gy
Alex Wolfe,lig@fofto.sc
Edna Diaz,lud@uzgek.yt
Claudia Hale,iji@zakej.pn
Rodney McBride,hiwe@bejluwfu.ng
Viola Rose,ibiuvluz@arigeshi.cw
Dollie Wheeler,deesib@rahi.as
Francisco Hardy,mifezna@jej.sc
Leila Pearson,ce@dolpow.gw
Loretta Diaz,obupip@po.dj
Loretta Mann,litno@ujodirco.eg
Connor Medina,puon@duba.uz
Kevin Henderson,mettaj@zejohu.uy
Edna Mason,pev@tonobaka.ne
Aaron McGuire,nuap@gevedvaw.uy
Leona Patton,zebica@rije.bs
Phoebe Welch,vunkaov@leg.eh
Pearl Sharp,muwac@ez.ht
Edith Reyes,lerozkuc@mewatsil.bz
Alan Blair,asek@ofiri.ge
Edgar McKinney,pasepev@hiswuc.ca
Melvin Ingram,ife@iz.az
Clifford Sanders,da@ohojuv.ao
Billy Barker,lurgafve@co.mq
Walter Little,nalucusif@hesok.ge
Jean Quinn,gu@nuhcah.md
Russell Glover,hud@tabo.it
Rebecca Hardy,va@gunajecu.ne
Lina Gibbs,ercac@lavu.lr
Minnie Obrien,im@lop.al
Ophelia Stevenson,saregeru@cihgur.bz
Blanche Crawford,noma@iheuhuez.sh
Norman Sharp,jajavi@uppamaji.id
Cory Bell,nura@hiz.dz
Stephen Reese,zevubvo@fote.pw
Craig Leonard,hezjad@ruazuros.bd
Christopher Washington,lojol@fezuabu.pn
Ernest Payne,tozhe@uhutve.it
Vernon Wallace,zo@heucpa.ht
Della Arnold,uwja@zarcec.pg
Olivia Frazier,bevo@fikotu.at
Estelle Salazar,topimosa@cowode.qa
Norman Ramos,ja@pur.km
Marguerite Anderson,atgi@ozoitza.tz
Carlos Gilbert,tijazum@dizvodu.es
Nancy Pratt,ozuefeben@ne.vn
Blanche Dean,neler@vitdonlaj.mt
Lizzie Owens,duaglem@gocaik.lb
Maurice Clayton,zokrip@fotdoucu.cw
Myrtie Parker,vudge@solotzis.tw
Lucinda Valdez,tek@zewnu.dz
Olive Maldonado,nah@ada.bi
Carrie McGee,nisi@bolacno.pl
Rodney Newton,ekijoh@veranoz.tn
Rose Becker,arefamor@lude.dm
Adam Vargas,co@bifiti.ge
Lee Nunez,pofdic@kauvo.ir
Darrell Simmons,gir@fem.gd
Jesus Bowen,koetmir@tagif.gl
Marion Hardy,dul@jivarug.me
Jeanette Santos,fospu@fol.lu
Eugene Brady,bovij@nousulu.tm
Christopher Adkins,wic@cac.kn
Matilda Hernandez,ivni@delunwos.vn
Amanda Figueroa,mocu@ase.cu
Patrick Hale,hogem@rehop.km
Dylan Knight,obiej@fimhup.ma
Myrtle Thomas,zulzaj@anirup.gw
Elijah Pope,za@soc.dz
Maud Lawson,lena@adepij.ml
Rosa Cohen,saorkib@wot.gs
Laura Barton,onafeofa@ejpobok.at
Claudia Carlson,iftalje@bigiem.uz
Jeffery Becker,ocgoc@zu.io
Tyler Clarke,cag@sutzujto.gg
Daniel Burns,bo@ibuzav.io
Eula Harrison,mus@ru.hr
Nannie Taylor,fidasa@cum.li
Leroy Coleman,ta@usuomteh.gw
Viola Ross,pabad@gez.ss
Arthur Perry,ro@zuw.ki
Essie McGuire,jamefe@haiwi.vn
Terry Sherman,egekiub@uwake.tr
Sallie Glover,jeko@mo.ac
Richard Blake,doabe@daluzezu.io
Lela Hart,ho@vo.fk
Juan Hampton,teb@laenepit.cf
Warren Howell,si@zamcik.je
Gordon Day,zeutte@sirbuge.jp
Lizzie Greer,uf@ute.mr
Leo Hale,opoda@bugdaiba.cm
Victor Floyd,za@ujanawan.lk
Raymond Long,ahva@rur.uy
Floyd Lopez,mupaf@cam.gs
Rose Fisher,jijkirruf@je.sc
Alta Lawrence,puv@amu.hm
Amelia Holt,du@gamew.aq
Teresa West,pij@ofacuru.cm
Essie Gibson,mudumu@wabpit.ao
Owen Diaz,her@id.cv
Emily Rodriguez,mir@pomiac.mv
Lester Norris,osiba@wefo.uz
Shane Fields,topli@akgizwu.mo
Curtis Scott,sac@ceb.cy
Ola Evans,zumgewo@cuce.je
Chase Goodman,do@fewidi.tf
Olga Scott,amajug@gop.cm
Ryan Bryan,amrotmi@kaggitol.ba
Stephen Cooper,waco@nurgob.re
Johanna Ortiz,bavpej@rasup.lk
Charles Rhodes,ilvasi@befehi.zw
Ivan Pittman,cajuv@nuafi.mt
Ryan Hawkins,dezogco@dovbuvi.aq
Roy Romero,duovlam@fugame.sj
Tommy Blake,vobwicvam@surasgu.gg
Ellen Martin,esihupji@jeraspe.is
Jimmy Cobb,li@baziji.it
Chad Colon,ziwoko@kem.tw
Hannah Marsh,uto@jahdura.gp
Ada Rose,malu@hu.su
Clayton Dean,ofke@ehoves.pa
Kathryn Walsh,ijdol@piroc.lb
Chase Pena,er@kiwetiwi.ms
Ethan Watson,pah@ma.gq
Jesus Watson,nam@ap.hr
Steve Collins,fuzasi@gagkat.edu
Cody Patrick,imofoaru@pormewfin.cf
Brent Parks,fah@kos.mu
Lois Lamb,pod@wos.ki
Daisy Howell,bon@hutlake.sh
Lester Little,wu@sorfij.ad
Lloyd Holloway,lu@befor.pf
Abbie Morris,jipipe@inezo.tn
Sarah Medina,wori@pawibruz.fm
Randall Jennings,rabwef@tiawa.ye
Aiden Fowler,nepid@oce.nz
Jeremiah Holloway,ko@da.tj
Alan Briggs,ujmerzi@cimnusob.tg
Chad Bishop,bapuswa@ub.pk
Norman Maxwell,bus@boz.vu
Rosalie Osborne,enuuc@deihigo.nl
Irene Underwood,ci@tetu.np
Isabella Abbott,vagno@olabegses.lu
Alexander Ortiz,pu@lucharta.au
Rosetta Sims,kip@vu.mw
Catherine Curry,kobe@sun.cx
Lydia Walsh,kiduffu@tinfisik.com
Bettie Webster,se@zikzewem.my
Mamie Cox,zejzek@awno.ge
Rosalie Soto,li@titrah.edu
Adam Holland,fumedav@jeaf.ba
Julia Erickson,goz@fa.gg
Aiden Martinez,jid@orpatjik.lu
Virginia Roy,lamuz@juvsu.ph
Essie Paul,hipi@adesogel.dk
Jayden Buchanan,vef@milij.mu
Robert Perry,ari@ja.mm
Eliza Chambers,ad@onaogzoj.ec
Nicholas Vega,feviguc@ehdi.ml
Lina Grant,cuce@kireguke.er
Nancy Robbins,mamgoj@docajte.am
Kathryn Scott,mozigi@ram.ac
Kevin Lewis,vol@weja.pk
Darrell Gross,urpe@pekba.kg
Bobby Schneider,lub@de.lv
Nina Clark,ensistew@menta.ss
Minerva Harvey,zubgafu@okuibijaz.tr
Billy Stevens,duavauma@vidi.tp
Olga Barnett,eso@jo.kh
Evelyn Goodwin,zo@ze.id
Marguerite Holmes,tib@awu.fo
Catherine Rose,nol@eg.uk
Samuel Simmons,zu@wesirawi.sa
Mark Welch,li@netitured.gs
Kenneth James,folmi@budsopzot.ht
Lenora Rodriquez,kadusipi@jehhig.io
Myrtle Cohen,sugoh@pow.pf
Caleb Lewis,noke@wiwvo.ck
Jordan Buchanan,tucanot@fu.kw
Norman Cooper,vidi@zasfasac.gw
Leila Martin,uzihbaw@fu.tn
Vernon Berry,limnaffi@hew.fj
Rebecca Rodgers,woj@dizvugur.ci
Billy Becker,oc@unofiit.tz
Randy Rivera,zitaguovu@fa.pl
Rose Wong,livarna@gem.de
Luke Wong,aj@seitwoj.sc
Lillie Maldonado,giufhof@kur.vu
Lilly Collins,duzip@egu.sj
Jeanette Gibbs,cih@el.lv
Timothy Schneider,ned@iko.km
Sophia Conner,cadheewa@lu.gd
Lela French,sulu@ve.sz
Effie Armstrong,ec@coitu.tg
Katie Abbott,jasoksoj@zeglegi.at
Marc Robertson,re@goej.st
Lucile Gutierrez,vufew@pipcohun.je
Harry Maxwell,awoken@ronji.gd
Blanche Collier,pakruhpe@difu.zw
Mabelle Hawkins,uz@rokadusu.cn
Hulda Strickland,juge@ozudo.it
Ralph Ferguson,ewi@tes.af
Isaac Rivera,kuito@hi.su
Howard Weber,hazuneb@bok.gu
Rosetta Bates,puohveg@il.ve
Juan Bridges,moner@ke.ax
Leona Brooks,lazroda@ija.ax
John Ellis,hobaz@taswuvab.jp
Hunter Richardson,kelifoozi@jafsodbe.io
Margaret Guzman,fer@anisejip.aw
Henry Sanders,elovoz@li.iq
Jerome Caldwell,ormojgi@ofuhi.ba
Clayton Lee,rirucda@zuted.mo
Craig Davidson,rubi@keztom.py
Derrick Sanders,ji@va.mr
Bryan Evans,golwo@tekkathil.jm
Hunter Knight,akzigo@zufip.il
Martha Parks,gohfo@amoko.bi
Henry Rose,lal@to.mk
Stella Fisher,laze@fivgebiv.io
Marie Lamb,eduacafa@heket.sb
Lucinda Garrett,laweb@li.py
Annie Little,lozkib@edipahba.ky
Martha Sparks,tiloknok@jap.gi
Nelle Mullins,mefu@fifaki.ar
Eunice Ramirez,fes@tu.ps
William Ward,tim@up.pm
Ruth Pratt,vaf@nor.fj
Sean Romero,zefer@zo.my
Edwin Erickson,ive@cal.mt
Lora Davidson,luc@korom.ck
Owen Bowman,orjos@fes.ax
Steve Strickland,alu@titojluk.td
Willie Roberts,faakojeb@onibi.in
Mabel Tate,gaj@jofif.nz
Micheal Newman,kelukudi@lo.zm
Lela Townsend,reagcoh@cet.ne
Jack Brewer,je@vafnovlof.bw
Glenn Silva,recji@la.ne
Jay Harper,pisgew@bufar.se
Sylvia Walton,utpoliz@uf.tw
Annie Collins,idcagul@pa.mw
Roy Shaw,vehi@hecunzuj.li
Nora Roy,fifbusah@miciflor.fi
Rodney Erickson,mos@bom.tl
Claudia Coleman,si@rivnovib.am
Mario Williams,demni@pobdunut.ml
Ada Nunez,dapcupi@jipewu.sz
Chad Little,jepad@ze.sh
Alta Munoz,fit@ugevzer.rs
Cody Brown,ogilear@meze.ao
Susan Garza,esivi@sa.ws
Olivia Parsons,dicu@pokeful.ru
Henrietta Washington,re@hihvi.cn
Edith Cole,cakekca@iviki.gw
Augusta Neal,regocol@cosve.gg
Joshua Paul,lil@wikaugo.aw
Bertha Fowler,unoror@taemu.kz
Gilbert Sparks,vira@he.na
Joseph Andrews,muwurtud@de.nc
Daisy Lane,wezodtom@daam.gov
Ronnie Evans,uvipasad@ra.np
Rosa McBride,otpub@owpon.pa
Gerald McDonald,bijisip@vaene.ki
Seth Barton,esipu@weg.ne
Lloyd Rodriquez,zaspenba@ce.tn
Nannie Holt,vatcijed@it.in
Isabella Blake,lipus@limevu.tm
Claudia Buchanan,ekrajat@fibwezo.il
Frances Wilkerson,da@zisicu.km
Todd Peterson,ramvaw@uggak.af
Eugenia Casey,zual@turga.bh
Ricky Hale,sak@teku.sv
Adrian Myers,kaon@vevwisha.st
Luella Cobb,toh@be.kz
Edna Peterson,udemogo@mo.ml
David Anderson,dacat@nikdusese.sa
Beatrice Torres,juf@gosofe.io
Kenneth Munoz,te@ina.jp
Brett Cain,tijumci@ihejus.zw
Ronnie Barnett,lavit@zu.ps
Louisa Morris,puronos@tam.mw
Lida Harrington,ib@jekuppat.tc
Nina Bell,vedi@odiama.gm
Sue Harrison,pa@cawut.tj
Douglas Zimmerman,tusem@ziw.mp
Minnie Malone,catefuhe@soji.mo
Mario Welch,am@wohof.tv
Louise Douglas,it@wazib.ph
David Carr,ni@rafherab.zm
Micheal Walters,puzkejig@izimoiho.ni
Barry Clarke,az@medzomka.si
Jesse Rodgers,fettavo@iwini.pf
Lee Fernandez,katkin@daf.tc
Edgar Frank,fitkerkul@alapian.ee
Jerome Allen,pajac@ra.im
Gregory Tate,uro@ocmiged.tp
Jim Poole,dom@nadop.md
Winnie Crawford,cohhe@ticigwa.za
Brandon Bass,gajke@tivmuv.ss
Darrell Payne,jo@heti.ve
Frank Newman,wukufob@joske.is
Norman Davidson,wafvem@cev.la
Ruby Wong,jun@ocolidos.fr
Jason Brady,vonegja@fen.ne
Jeff Williamson,huddib@onu.lk
Benjamin Sparks,zovwo@uz.kp
Landon Lopez,zetdarbis@damaceto.gt
Herbert Ramirez,uj@woucuna.qa
Tony Dixon,kewda@emdewib.ga
Frank Steele,vu@rilawrez.sk
Herbert Freeman,zibazoze@giv.bs
Andre Montgomery,ehjicten@gi.tz
Belle Guzman,voomija@gu.sv
Mark Gill,gajoco@ba.bq
Minnie Mathis,fa@ac.lv
Noah Hines,za@waocdot.ax
Matilda Carr,mopre@niz.de
Daniel Jefferson,eg@ilvaswa.mt
Alejandro Watson,bikbacum@iziidede.com
Dominic Houston,galuz@pewo.sy
Theodore Greene,kujawpad@rete.lv
Leo Keller,bakurde@fesojsem.ke
Estella Ballard,ibatimtu@piho.ge
Francis Jefferson,efeuji@bef.sd
Melvin Reyes,woflohhu@risoriz.gp
Mae Jimenez,safgufvi@guzpah.vg
Polly Jackson,hufok@zotan.hk
Francisco Barnett,sace@elaoda.pe
Harvey Larson,lubpeid@silif.ro
Loretta Kelly,pupun@vi.in
Verna Bishop,iforucu@ja.gp
Aaron Goodman,porlec@kabi.mg
Samuel Buchanan,johi@bufnediz.su
Wesley Montgomery,jer@mas.dz
Daniel Bryant,odrulu@eho.pw
Bradley Williamson,bupermu@nuc.md
Emilie Mack,iji@ni.ly
Adele Christensen,ohe@suhegwim.vu
Isaiah Pratt,itozos@bekva.fj
Travis Love,hegzi@orilueku.sh
Katherine Boone,lecjukob@wokvik.ky
Isabelle Perkins,zuwpedu@hab.sy
Mayme Hoffman,jojifti@gaj.sm
Etta Morgan,nip@mat.sn
Dale Knight,gatufozij@kiodjez.ky
Nellie Morgan,merusop@pimu.ro
Edward Tran,ipu@kevowtab.mk
Justin Hanson,pificfov@ekiawu.dz
Ronnie Ramsey,haup@vojle.br
Callie Tate,koribca@pufzu.ua
Leroy Gordon,overapasi@tari.me
Catherine McGuire,apdi@rew.lr
Effie Boyd,denjen@ig.sr
Patrick Marshall,til@di.td
Gavin Fernandez,mi@nilfovba.mz
Ellen Quinn,kocsuzu@vogejuf.ee
Darrell Martin,te@uwafusel.sh
Dean White,surazu@zoolze.bw
Birdie Willis,fitozni@har.ai
Bertha Patrick,erociv@nerjeava.hr
Steve Boyd,in@madumfu.uk
Bertha Palmer,ze@uv.wf
Lottie Mendoza,itovohav@owciig.mv
Jeffery Garza,ditlu@voafi.mx
Mayme Ortega,ulnu@hozkaiz.rw
Charles Lewis,cisetku@nunagna.va
Marcus Perkins,iheop@podvud.uy
Bruce Curry,kas@uvtej.ad
Jordan Curtis,zovo@tarobem.fr
Fanny Carlson,wu@amijed.id
Cynthia Dunn,did@ki.kw
Jeremiah Haynes,obebeka@od.ca
Gene Silva,defom@sagsed.va
Christopher Taylor,cotjapa@dewev.ax
Mason Curtis,logo@ozefoita.pf
Chris Daniels,wefbaezo@aledejfu.by
Lulu Webb,wa@wep.lt
Mark Baker,nin@bojilo.co.uk
Frances Salazar,tozvak@val.tj
Marvin Roberts,joh@gotfowja.ai
Vincent Mills,ilihono@kirkisi.sl
Zachary Jefferson,nubudzej@niwles.ki
Polly Brewer,bura@ga.ss
Phillip Park,jonep@cehaawo.gs
Henry Howard,ekci@tata.gf
Bryan Fitzgerald,kodtew@emraf.ms
Lula Coleman,piunaato@uti.edu
Jennie Drake,hoofo@zeclu.lb
Isabella Arnold,togbo@robel.as
Claudia Larson,dohas@ja.gy
Zachary Nelson,luv@pe.cd
Oscar Vaughn,sur@zofmewfow.bq
Steven Rodriguez,miposa@du.dj
Ina Weaver,obu@ovoli.vu
Rodney Anderson,akne@pavuhub.im
Carrie Goodwin,gieji@evoazlek.kg
Juan Bowen,vajlazmog@ga.tz
Jeanette Ramirez,ifijekas@abam.si
Bertie Reeves,vec@pas.mn
Peter Nunez,vocewe@fugan.qa
Floyd Mack,arogo@vizas.ht
Mae Erickson,mal@sivoj.jm
Viola Parks,wuravvuj@bu.be
Clayton McCoy,ra@wadwoz.bg
James Stewart,zecova@ilse.tj
Joel Holmes,be@gartuj.ws
Lawrence Buchanan,ohetih@wol.cz
Joseph Williams,jih@budtajava.us
Devin Hunt,vagec@migoshoh.tg
Dora Patton,wuvkire@vagba.aq
Jeff Aguilar,bobawgid@wot.ps
Herman Clayton,haorsud@cutepo.se
Mitchell Martinez,dencik@rajrop.er
Millie Stanley,begidku@tajdar.uy
Mayme Mann,punpedo@necum.bs
Tyler Morales,urwuw@lannugfof.hn
Mario Curry,zocim@rodza.hr
Maude Martin,dituw@uhebavfo.eh
Jimmy Fernandez,kajhepto@fek.edu
Inez Meyer,kaukuki@zupmu.co
Amelia Caldwell,wu@eziofufa.np
Rachel Hodges,jizoc@luvikumez.ch
Madge Watts,guz@gawoduga.ac
Lina Norton,za@vid.gr
Leroy Williamson,lesrahwag@dicwe.pa
Callie Watson,ej@evwoh.fk
Myrtie Lamb,egmub@enuudko.kg
Jared Russell,mibwuhso@ojlartan.bz
Jane Cortez,wonuffi@kuzjefbi.ph
Georgia Williamson,wecaha@megepeca.su
Christine Nelson,haf@jid.kr
Joe Peterson,zebac@lo.sc
Lou Vega,oj@ebje.ga
Melvin Walton,neajeuhi@pu.bf
Fanny Powell,vo@av.gn
Herman Vargas,navihuj@esa.rw
Marcus Kim,daztuswen@argived.bn
Jay Cole,ne@giisjum.mh
Lilly Reynolds,rukila@nuljanab.ge
Antonio Douglas,vabilaizi@jejpon.re
Cora Clarke,ehe@fuf.sc
Blanche Torres,lijohep@raw.kr
Jeremy Joseph,ughes@wiboh.gy
Nannie Byrd,vul@cuj.rw
Leo Hall,lut@vuzpu.ax
John Brewer,ujawaeja@af.lu
Michael Cox,fuvru@fuov.ug
Gabriel Potter,rub@vuarubu.to
Alice Hanson,um@gej.cv
Agnes Rhodes,vog@ubaapi.hr
Chester Rodriquez,zo@ta.tn
Beulah Erickson,jumviowo@tuso.tc
Janie Long,uhebaar@zicebhir.ms
Emilie Lane,finik@mehfuvpin.ma
Lora Diaz,zu@jiinames.aw
Hallie Brock,ijuet@juj.ly
Francis Willis,ogi@soswujos.mt
Aaron Barber,mewfit@hok.uz
Tillie Gordon,ajsa@izaijo.ag
Marian Keller,benure@agjigaj.il
Katie Buchanan,filsu@li.sk
Dale Lucas,cedu@ohenuc.gm
Lewis Hansen,zohhuc@mizubuj.kp
Glenn Perry,vovfavom@no.be
Ray Munoz,melokugo@fesda.pf
Effie Swanson,sunluko@vilvuzto.cy
Mina Powell,vudow@ef.pt
Myra White,lif@rag.ec
Sophie Shaw,vowpopu@cabero.mg
Lawrence McLaughlin,viud@buke.ru
Genevieve Bass,vowfok@vazemid.mc
Lillian May,halidavo@mursuke.py
Samuel Harvey,jannase@fi.ph
Adele Mills,salasbu@bole.bd
Bess Anderson,gemsodu@os.mo
Fannie Leonard,dekumwo@nedaco.mk
Isabella Flowers,up@hurit.cx
Kate Dennis,sucobpo@owa.cu
Maggie Dunn,ga@cole.rw
Alvin Aguilar,neb@los.om
Jesus Black,du@wazto.bi
Jessie Olson,veheg@taajdab.mk
Jerry Walsh,suw@duape.tk
Glenn Wells,cebazve@impu.bg
Curtis Norris,najozu@igtazal.re
Nora Franklin,ejozew@wo.yt
Bertha Grant,wofon@okmijli.ki
Dennis Gibson,nov@udo.je
Adele Summers,nusre@gelmas.va
Hulda Francis,bantago@cutlu.uz
Eddie Hunt,vub@ukot.al
Bill Colon,jazenid@hufadot.gw
Shawn Morales,nomte@uhu.no
Isabella Love,ho@mozoupi.gw
Olivia Perkins,zino@zemotesek.ug
Jacob Colon,vuib@tazolum.jp
Christian Jordan,nenanne@fidbunwub.cx
Richard Fox,lugedef@ovi.ci
Daisy Dixon,em@rapasdid.ug
Jerome Ballard,hin@kibajan.bd
Lucas Cole,um@zenda.ad
Edna Vaughn,vefme@kococ.fr
Sally Ruiz,majefol@udu.ba
Ernest Saunders,higic@gi.eg
Jeffrey Figueroa,uzazwo@fegeesa.kh
Jeanette Moore,as@ro.aq
Mario Young,zaludeiv@naljuvi.hu
Allen Norman,afa@vag.mz
Theresa Frazier,usra@ekji.sd
Vernon McDaniel,hajaak@ji.re
Belle Huff,guli@nuzi.com
Peter Powell,ne@eleve.cx
Olive McBride,bogwebem@jepa.ga
Eunice Powers,buh@faola.cl
Norman Newman,kanizzom@ne.ug
Nicholas Moss,telun@kijuka.mx
Louisa Cobb,ivere@kat.tw
Oscar Franklin,fi@zor.ai
Fanny Bell,zelub@fawcu.vc
Blanche Bennett,odfoes@go.dk
Norman Wells,ger@zehka.ms
Bertie Maldonado,tan@ewusencut.fr
Kate Wagner,akofaar@ivicud.pf
Charles Griffin,zupco@ep.pa
Lettie Santiago,de@lo.gy
Sallie Floyd,ihane@ibinu.ki
Tom Greer,ji@fazwe.ua
Jeffery Morris,gilfe@oj.aq
Nathaniel Peters,budu@dihtu.no
Jayden Morales,tirle@are.dj
Myrtie Gomez,luef@la.au
Jimmy Warren,orcohavi@kiz.ht
Garrett Warren,fopcidcom@mazufnod.ar
Callie Delgado,suged@ep.kh
Tom Henry,molbiwluc@ate.by
Bess Griffith,kos@tatfumen.edu
Todd Flores,lanedze@ara.ac
Cole Cook,na@wenesti.bg
Charlie Fox,ku@ile.cd
Alan Hart,juodwov@lik.ae
Nelle Bowers,kimwa@okuazra.cc
Juan Powell,vuguj@giv.tp
Anthony Hansen,pul@ike.ch
Irene Powell,tupdondik@nitci.eu
Willie Abbott,sutpunpuh@igolil.bm
Tom Myers,gawhuh@ope.za
Grace Webster,labuvo@remesi.ws
Ellen Lee,rid@zucfa.kh
Abbie Jones,nirde@upcob.br
Thomas Neal,niicalac@dojre.gm
Ola Hicks,naugca@baun.hn
Chad Cohen,ridhuh@ram.mk
Jean Ruiz,ce@con.sz
Nellie Ball,vuzi@ed.pm
Delia Sims,nugesi@wihujzo.ae
Phillip James,joltis@wakaam.ve
Cody Roy,aptiv@onaari.pe
Marcus Goodwin,omimuwga@jog.sz
Edward Graham,hir@gisa.gh
Bradley Hunt,idehahub@gotusri.mk
Lola Garrett,moswom@kad.co
Lettie Ramirez,gokpaar@tozajodi.mg
Maurice Graves,icejila@tuh.gm
Lucy Jensen,luh@ha.nc
Lucille Barnes,vimoka@atji.hu
Louisa Lloyd,eti@cekig.jo
Mark Gross,ab@gabe.tv
Grace Ortega,te@valiz.dz
Luella Marsh,niz@tip.cd
Bruce Boyd,give@wawofmoh.ke
Estella Hunt,ufuga@rog.sm
Ruby Malone,liwuha@bamna.gb
Peter Swanson,lin@ufgopniv.au
Clifford Nash,wabebfoc@neeliko.tf
Isabella Lopez,um@fez.td
Carolyn Nichols,giljahnin@bup.tp
Victor Daniels,uru@jelilen.gs
Chad Howard,du@laz.mg
Antonio Patton,hugak@siw.gf
Lula Gomez,carwucvut@ro.bq
Etta Bradley,faj@najlu.ml
Helena Lucas,ziuwu@de.sc
Ricky Massey,giazi@cingen.mm
Birdie Johnson,bo@rakbed.vu
Helena Hoffman,banenu@kab.ba
Bobby Gonzales,pam@ladorhik.ps
Winifred Baldwin,iw@womez.au
Timothy Chapman,butup@pakenlo.ro
Francis Vega,vih@hoz.ma
Teresa Daniels,harode@suziewa.cm
Linnie Henderson,fe@so.ne
Nancy Hammond,puw@tag.eh
Kyle Morris,so@ves.bd
Henrietta Alvarado,ob@wa.tk
Glenn Mendoza,wiwil@gedpaabe.in
Howard Vargas,utegiji@toigu.us
Eleanor Robinson,feda@vichame.ee
Chris Hart,zeomi@felec.pe
Jorge Newman,leveg@lome.org
Georgie Thornton,vele@joga.sd
Sadie Cross,vamaf@zacju.pm
Belle James,nupibus@tesferi.jm
Olga Green,abka@we.ly
Marie Mann,cub@efepi.pg
Claudia Murphy,mutizve@edopoen.by
Mayme Thomas,runne@purbeswos.sk
Lena Graham,zeromdin@olwobja.lr
Alvin Holmes,afoebaso@pazon.jm
Lillie Rose,omjak@efeuture.bz
Joseph Gilbert,gewauhi@geobetas.cy
Ian Little,sew@voghezak.ge
Corey Pittman,luzebgis@uctutaw.ni
Raymond Haynes,bam@ko.mg
Sam Fernandez,tosakmo@rogfopam.dm
Louise Frazier,jod@gezop.qa
Leila Farmer,tivac@le.ws
Myra Maldonado,sapnu@ucewovbo.tj
Noah Fisher,jabkol@worvo.gd
Georgie Gill,ufofor@uf.ky
Larry Santiago,jame@kej.ar
Violet Owens,mod@os.gf
Stephen Garrett,ridihota@hacahu.bi
Amy Johnson,maflin@ob.cx
Adelaide Andrews,cepnahiz@taemiju.dj
Isaiah Alvarez,nu@ida.mn
Virginia Pope,uwawu@ko.so
Thomas Bowen,bodmi@avaroc.cy
Dollie Fleming,fuk@poigvev.sd
Isabelle Reeves,gorej@olo.mn
Zachary Patton,wehnufbo@ujgezzur.na
Hallie Allen,imu@pa.td
Mary Cortez,cepgatte@su.ch
Alma Jordan,sos@ruhzanu.ug
Peter Baker,boowowo@vogfowoho.iq
Maurice Porter,on@bigucigi.tf
Virginia Roberts,afunop@la.no
Scott Collier,usa@fubemcu.do
Fannie Chandler,takubsan@uzusow.kr
Dale Nelson,hu@zivaado.ai
Gilbert Ramirez,hagefhel@izeani.mh
Jeff Mitchell,bepoz@bove.zm
Carlos Welch,gazse@konefra.bz
Jeffery Clark,wiglu@pib.vu
Mabelle Cruz,le@gihejfa.kw
Brett Ellis,otufoes@virlu.fi
Norman Jensen,bati@sacti.sl
Nicholas Patton,ome@uw.sx
Ora Lawson,kictu@koubruc.th
Aaron Foster,keneim@tassicbi.tn
Jayden Cross,le@cebtengeb.cu
Clara Baker,asi@kivna.ar
Nellie Ramirez,onu@tum.ml
Aaron Taylor,jiguv@irvobca.ph
Brian Yates,udiemo@kohu.ac
Ida Bowman,rabihfe@osuzap.mu
Floyd Jenkins,vu@usa.gl
Hilda Pearson,vo@ta.nf
Trevor Marshall,pih@moc.tn
Clifford Leonard,dasnunod@rudec.sn
Roger Riley,sin@agali.tz
Alfred Parks,ca@bamo.lk
Viola Davis,dosu@cafu.om
Larry Bennett,ape@zezo.au
Hallie Cooper,olavanva@wackam.aw
Nellie Luna,fitucuv@fedhuk.jo
Adelaide Morris,mo@dobhuc.iq
Estelle Horton,ti@sijvoehu.im
Philip Clayton,nitke@wihkotwoc.is
Lela Hammond,bauflan@ba.ky
Winnie May,avmukto@mer.st
Lelia Horton,gonzeg@riohkej.ad
Ralph Dennis,hidlaef@emebopes.am
Earl McKenzie,norpu@ponome.in
Lettie Parks,riwoloz@mavaho.pl
Harriett Tate,nijavos@uzne.fi
Isabel Stewart,tuv@huh.lr
Adeline Barnett,unokuvmet@dot.pf
Nettie Blake,ac@gazmoisi.ph
Rachel Pratt,wo@fuponabo.mh
Francisco Craig,afomki@idunib.nz
Sue Tate,enoro@fimfaf.an
Marguerite Parker,jo@otho.pw
Lucinda Ramsey,arevaig@fesjog.es
Grace Marshall,kiil@zirpoju.lk
Cody Peterson,eh@ugu.ch
Daniel Mills,nu@bihcudoz.yt
Rhoda Hamilton,bes@paib.mh
Marian Swanson,omemi@wojren.kp
Myrtle Mills,anlagil@fanulah.cn
Jeremy Roy,igolebo@unu.sl
Alta Rodriguez,mevtiw@sekejef.st
Jeff Fitzgerald,ginfu@eru.mq
Cora Thomas,wuulo@anfu.ir
Chris Nguyen,wovum@erzume.nu
Mario Rivera,goeginov@duvburut.lr
Bill Hernandez,gelado@juzudzic.sd
Gussie Hogan,tek@anedilda.sl
Gregory Gordon,zinmi@dupfiscij.ai
Elnora Sandoval,dutujge@bup.bq
Stephen Collins,rivtodoz@pu.ph
Rena Moss,oke@karduflik.ua
Vera Thomas,jihe@ot.pa
Leila Holland,gu@pogkerop.pg
Micheal Garcia,ca@ejji.fm
Ora Gray,egotovav@jalrar.mp
Melvin Castillo,fotoma@zoriji.gs
Cynthia Wolfe,uv@mino.sn
Leroy Ellis,mikzu@gofjuhup.sv
Birdie Garrett,hubimoelo@muni.kr
Eva Cook,tirjitzok@hu.kp
Micheal Martin,eribahol@dapnec.hu
Joel Love,hipvuc@moc.ps
Jeanette Wade,povsaram@wothufwu.no
Charlotte Ball,nurme@nihisi.re
Viola Hicks,wuwo@acfa.bj
Edna Moran,jisihfik@op.ni
Hulda Hart,kuksokum@siwefi.za
Theresa Schmidt,cetet@pikdas.kp
Willie Phillips,lirwoep@zuul.gs
Sadie Peters,ebbi@ev.tt
Maude Bass,lonwabij@dupkukar.ls
Elnora Christensen,al@ovanegmes.lt
Rose Craig,zalcomodu@atepip.ax
Jared McGee,efehugli@ehuwirafa.af
Jose Santos,hiupa@alribas.sk
Daisy Brewer,zof@awbin.sk
Chad Carr,rejejen@idotuv.mq
Nathan Larson,ko@igufi.za
Sadie Sanders,ga@tesdesci.sc
Stella Bryant,fo@dafen.kh
Theodore Riley,za@zo.mk
Isabelle Fields,lu@sulhuk.mn
Gussie McGuire,emekueha@ufepew.bo
Douglas Alexander,ugope@nujwepwiz.vn
Jose Howell,ceragfa@nihpuv.ly
Sean Maxwell,fomem@judpe.tr
Gregory Harris,urumup@tisvo.ca
Marcus Harrison,dik@uzfohi.edu
Darrell Medina,diwzogul@ruaf.si
Ryan Munoz,mi@huncud.sl
Hannah Barnett,cup@ovouda.na
Lloyd Kim,muj@amhumozo.io
Harold Gill,cespag@lalissif.sm
Alex Smith,za@wimi.vc
Maggie Medina,wudoj@jeverad.st
Katherine Anderson,sicocu@suzhav.be
Inez Martinez,ciazloj@pepwewmu.qa
Danny Howard,cemu@ol.ad
Paul Scott,luz@mukdu.eu
Nathan Franklin,seccom@midji.im
Pauline Cross,godjuv@jovlik.dj
Lilly Reyes,aftub@ju.nf
Estelle Herrera,wig@kupom.lc
Trevor Simmons,zoagafej@covlazo.gt
Genevieve Rogers,itudoc@izihuav.se
Olivia Jackson,ku@waisi.au
Theodore Clark,temni@citnupam.sl
Melvin Medina,erozego@focnel.ee
Evelyn Fisher,burje@bogfor.aq
Hilda Cortez,ak@jobu.it
Emilie Gonzalez,wagawe@tivejso.am
Gilbert James,up@awala.kz
Ada Adams,hohate@abif.net
Bryan Love,ceiva@filcip.na
Grace Meyer,vu@jef.kw
Caleb Clark,soj@uwamahag.ga
Rosie Santiago,gu@tuta.nu
Daniel Washington,abe@nioj.fr
Chris Obrien,cus@lopev.no
Dora Flowers,fa@zo.tv
Nannie Patterson,pe@wahi.ie
Warren Dennis,zijopkos@supig.jp
Elsie Fleming,voken@ujgofpaw.kw
Augusta Willis,wocuz@piobdij.gq
Nannie Banks,ba@licci.af
Mable Mendez,bu@von.ph
Jack Carroll,kohla@vowi.org
Grace Fisher,kof@jokoji.tm
Etta Gray,mebzikkap@sod.pl
Ray Lynch,iw@abesi.pw
Calvin Pope,ledos@lokjodof.na
Chase Howell,fuze@nonitdi.dz
Keith Maxwell,zefo@gelideko.sz
Dylan Bishop,guj@udkigje.yt
Miguel Floyd,bop@lo.ao
Ernest Walker,ipgu@gidhapoh.mz
Cornelia Fuller,kediskam@anocaw.kw
Hannah Ray,gumasomon@adarava.mr
Nannie Griffin,juwvodmug@ko.org
Cole Boone,sowevnuh@ferhubwop.bt
Elijah Gregory,uvefolme@hasnecu.is
Floyd Watts,fipoj@kipru.pm
Sarah Roberson,jigdun@afkahu.tj
Jerry Lamb,uwa@bikma.ss
Evelyn Hoffman,sugijje@wizwunu.at
Amelia Campbell,mular@liigpim.tp
Owen Fuller,zihug@togokumus.rs
Nell Cruz,vuj@los.bw
Rhoda Harrington,ku@gid.my
Frederick Spencer,jekepik@butiw.ms
Hattie Arnold,kucu@medod.na
Bruce Simon,ketjuh@desda.mh
Isaac Hill,jiwep@ob.iq
Estelle Stanley,dukafew@kopkid.fk
Roxie Walker,vuro@ig.pe
Elnora Reid,od@fu.my
Ollie McDaniel,dok@haltacgo.gy
Peter Gomez,cazuguri@zerumgu.do
Patrick McGee,puffofso@vekuzla.th
Evan Cannon,gir@eplugo.pe
Curtis Marshall,deniber@guuri.cl
Wesley Phelps,focaen@ehkohor.pe
Landon Daniels,ti@igaut.bo
Isabelle Love,renluk@hol.cd
Jeff Erickson,dovo@supufwom.tk
Lily Morgan,diffa@node.ad
Virginia Stokes,riju@rombaw.al
Amanda Woods,ti@hisej.tn
Nathaniel Gibson,uzefu@oh.nl
Jeremy Cole,rivojepeb@ifapiepo.ss
Dean Klein,navvo@suco.sy
Mabelle Ward,bu@wubra.jm
Samuel Leonard,jabzajob@toruwwoc.in
Lawrence Gross,gip@ug.bb
Aaron Tucker,bopurhe@ha.sb
Jeff Yates,liseh@igiacdud.vi
Lewis Frazier,oweod@jaksunup.fo
Lillie Torres,wovos@jiovulop.lr
Nellie Collins,fuztircov@zecic.ca
Louis Welch,dafiz@bonpawire.sg
Derrick Bryan,afo@le.nr
Larry Hayes,to@cevdepow.tp
Gertrude Richards,be@ha.uz
Edna Newton,routka@didvigoma.dm
Lucile Montgomery,me@bu.mp
Tyler Newton,imiceafo@zomgubod.mh
Keith Chapman,rulta@leogeveb.fi
Celia Norton,za@bubo.fk
Mollie Jennings,ji@ne.nc
Billy Bryan,luvugu@vas.sb
Eddie Ortiz,kiga@vuzakhu.tp
Noah Bennett,le@ono.sz
Isabelle Conner,jodevet@dis.lt
Linnie Mullins,daklek@liten.fj
Zachary Becker,ruscu@tekma.pm
Adrian Higgins,menok@si.al
Lester Klein,niteha@ba.ad
Jason Phelps,bovwow@vibiruv.sk
Inez Kelley,gojpabuj@nufdoh.gr
Lelia Meyer,newhoh@beabhe.li
Chester Bowers,rak@koih.ag
Aiden Casey,tu@kofigliv.vi
Aiden Griffith,kabatmul@ojo.lc
Esther Austin,fefigse@isi.cg
Jesse Moss,lis@oleseve.bz
Roger Munoz,aba@hu.jo
Martha Wright,tahhapda@menu.td
Noah Strickland,aki@camfev.az
Hilda Bennett,ku@aku.ky
Russell Harper,gazfak@kekeviv.wf
Susan Williams,nirvo@ri.vi
Joe Steele,kuc@zirfebriz.rw
Elizabeth Webster,ta@dakwecve.cv
Lester Holt,lubte@mab.sx
Effie McKinney,iguig@guvne.il
Annie Burns,le@cedi.sa
James Young,kejamjil@ga.ca
Walter Bishop,sohzeh@zabeg.va
Olga Oliver,ze@ubsavi.im
Evan Greene,wagzumco@minojca.rw
Steven Dawson,damhapum@hutzekpi.net
Lucinda Schneider,rero@woja.ki
Rosetta Santos,kilhagi@nud.cg
Nora Newman,buda@teztipa.vu
Jack Cobb,ugzamme@laivvu.gb
Dylan Davis,binadde@cejojo.iq
Maud Munoz,fip@nuep.er
Sean Blair,et@cor.so
Olivia Griffin,uhahukber@nevadzi.sr
Gabriel Underwood,ubesalu@woac.gd
Bobby Grant,la@fo.ca
Herbert Greer,du@hejinem.gb
Gordon Conner,ohze@jookeojo.es
Grace Austin,udo@himwekowa.gq
Hallie Dunn,malba@nuhkiwig.mp
Jeffery Brady,ho@dir.kr
Edgar George,teubi@oki.au
Jonathan Zimmerman,ireziwo@ri.eh
Gerald Freeman,netputena@up.lk
Hannah Schmidt,niada@itconpir.je
Hester Sparks,ho@ilke.nl
Marie Medina,siratlu@puteza.cg
Lula Hale,bowtu@dojuh.kn
Addie Powell,sof@dedape.fr
Sallie Wolfe,semawot@avibuwu.sz
Dustin Thompson,noulco@in.sr
Andre Garza,hojagi@vu.com
Jayden Gregory,ivale@fepwe.bv
Genevieve Harrison,sakmus@jiriowo.ne
Randall McGuire,tilo@je.tr
Carlos Parker,pelis@cop.mh
Glen Cox,hec@tisen.kz
Jackson Ramos,ange@uzoku.bf
Charlotte Summers,ulwomo@pior.bm
Leroy Franklin,nempeg@waaw.er
Jane Underwood,cinji@wun.nc
Pauline McKenzie,miduzi@ga.bw
Polly Colon,ba@wen.cf
Verna Richards,dewug@nar.ee
Elijah Flowers,ku@vak.cn
Devin Bass,urjev@hujusi.io
Mabelle Maldonado,arwiefo@ju.np
Martha Jordan,sotvug@hitajge.ps
Christian Cole,ta@pomojezoc.bt
Dominic Freeman,ifjikkov@vetapum.hn
Rosa Green,nersohaf@fik.ae
Cole Wagner,isukaf@hajfewpit.jp
Dylan Hale,cabroam@giv.lt
Zachary Freeman,nitso@sieco.gg
Nora Cobb,rimuv@hiwjewar.io
Janie Moreno,loh@vas.gh
Francis Cortez,wesjegva@vese.ar
Mabel Curry,oge@wimafe.kw
Erik Collier,vot@laririhuf.vn
Alvin Bowers,vog@enuse.ls
Estelle Bryan,wem@nimir.sj
Hester Casey,gokruvaf@ripa.eg
Lucas Chavez,haesu@sun.hu
Leila Munoz,dudtueb@witdazne.tv
Joshua Vargas,ti@kof.ky
Martin Boone,mam@nuw.bt
Isabel Sullivan,tumle@kiphecem.fj
Cynthia Butler,newoj@sevne.tj
Caleb Watkins,tiwit@kiv.it
Etta Dixon,cehwiga@lag.eu
Leo Romero,cep@vegpodgu.so
Richard Underwood,emsorid@ugafi.tz
Marian Frank,obnerca@opiwa.vg
Gary Arnold,sowdavhe@aluhe.pr
Polly Hansen,kifib@rafowa.kz
Madge Burgess,lus@boh.me
Darrell French,hioco@gitelid.tm
Blanche Reese,ufo@facfavso.hr
Chris Davis,ug@rosof.bg
Beulah Rodriquez,ticacnuv@assecan.nr
Isabella Henry,ehegesam@nukpozom.im
Henry Wagner,hasan@ic.ky
Gabriel Wallace,asov@pe.jp
Abbie Wise,waefeju@zusdoik.gh
Kyle Lawrence,pusbaluv@kohliod.mz
Helen Gibbs,duw@vuwe.ng
Ora Carson,uhroc@noara.ph
Lester Wilkerson,vi@wuileru.an
Aaron Guerrero,jevafi@waitmir.no
Grace French,fonehfob@go.pm
Hester Stanley,gecaha@zomtu.eu
Myrtie Gray,pub@basriwiho.sj
Maria Burke,rilwiwcez@pe.nu
Adelaide Banks,jo@pus.pl
Mathilda Keller,lu@nevgum.km
Maria Wells,uk@mocazdap.ir
Bernice French,lul@vu.ne
Susan Gutierrez,osakre@meojasad.ar
Carrie Romero,ip@jago.fr
Nancy Chandler,gaif@inade.ga
Inez Bell,etide@ezaseva.yt
Minerva Moss,paucka@behuot.ma
Brian Dunn,puduneuna@fuktos.mp
Cecilia Nash,utahum@nojitpak.es
Abbie Holloway,uka@moj.cn
Augusta Perry,ufokibce@zeras.cd
Jason Ford,ri@icfi.tp
Nathan Coleman,gicuf@barocoejo.tk
Alvin Diaz,jaksif@go.ar
Troy Jennings,buzes@wojaje.cx
Barbara Snyder,fap@lunuzoan.to
Olive Maxwell,fuivu@nuejero.id
Christian Thornton,nila@panako.fk
Adele May,en@han.ga
Olga Garcia,ekcebe@rophaugo.la
Margaret Pearson,rivziptug@dihlow.ng
Wayne Roy,fienheb@talema.ug
Rosie Howard,zuk@nulheraj.ua
David Berry,ewico@goheg.cy
Clayton Ruiz,kihpeze@uhuvonce.mg
Francis Wilkerson,nacohgaj@nabfigup.ie
Roger Wong,fef@ami.la
Landon Wong,hadifhew@ezivawu.af
Bruce Gilbert,luvsad@se.zw
Raymond Barrett,jo@ivporas.as
Lillie Moore,fisser@sal.kn
Mike Newman,su@ga.nc
Gordon Mills,ep@kulizi.bq
Rosetta Hardy,ac@ed.bg
Corey Becker,lahut@sidmac.np
Mamie Santiago,isrom@ictapbin.id
Mason Benson,cozemga@ehiavtu.cw
Samuel Green,gadohez@fob.bv
Mike Weber,ersijfe@vuke.sk
Roy Fleming,pigi@miuzreh.bf
Douglas Page,ceh@sepwe.ls
Zachary Ryan,ejtiwje@jo.nf
Mason Moody,abefa@vofimtu.af
Zachary Oliver,jugofom@hiliv.ao
Sue Webb,opivuliz@tec.br
Roxie Rodriguez,bi@rufiv.id
Carlos McDonald,vu@pafzo.nl
Eva Williams,funupdod@esobe.ca
Ann Schultz,afisena@pebwof.id
Jim Kelly,zuwvi@zuvemnu.mv
Lydia Moreno,hutile@juugbih.do
Violet Keller,lesavifa@gisho.ml
Jessie Nash,toenuew@pukje.ne
Bertha Webb,ecounri@dih.ki
Vera Gross,jegahu@jijo.mc
Willie George,hopuil@asriaf.cx
Isaac Castillo,kidas@hehcojpef.eu
Landon Nguyen,omidog@tu.tf
Miguel Mann,ut@dob.gm
Cordelia Dunn,obnozba@obebu.si
Rose Wells,jegva@talma.bw
Aaron Tate,dulsu@mepujoj.ac
Clyde Carson,bectizvel@woza.re
John Conner,ruhlaw@goruzfoh.se
Jack Roy,naldav@wukpu.co
Garrett Stevenson,ivehaw@iga.co
Jennie Stone,hu@tinziba.ls
Bill Williamson,pad@kikohen.ng
Jean West,ojiror@taz.ch
Stanley Pratt,fanik@ci.dk
Andrew Porter,rucebca@mogmozom.bo
Mathilda Caldwell,uleno@comief.lb
Willie Powers,li@vegocuw.na
Sophie Rodriquez,lafisco@fok.sd
Gussie Hale,aneli@wekup.io
Nora Lopez,kiwvuboc@he.id
Carlos Nash,rife@zimesiub.bo
Norman Wheeler,ehapelog@ihomorew.bs
Angel Mendez,geokcob@itirudev.gb
Catherine Clayton,lefa@ig.az
Minerva Rogers,sumsab@rul.sl
Alan Barnes,vewsar@sezaruh.by
Joel Hodges,hi@puhe.bq
Louis Barber,hulu@abukofre.co
Noah Bishop,gob@wan.er
Lula Dawson,konhew@zovel.mc
Ruth Ortiz,fe@kiaji.ua
Brandon Chandler,nibsez@ubefo.mh
Ellen Bowen,vu@un.bv
Grace Luna,oce@igu.bv
Isabelle Haynes,hol@de.do
Hulda Williams,edfi@fikfeegi.va
Georgie Anderson,ki@cofo.cm
Roger Moody,abo@fanuftar.np
Johanna Craig,pucul@ofa.tn
Clayton Waters,tisvu@cehov.cc
Carl Barnett,lewumvi@bavgulzah.gb
Jeff Carter,to@cel.md
Fred Wilkerson,odutof@citcu.nr
Georgie Vargas,komu@boih.lk
Gregory Singleton,fidot@ice.na
Ethan Dixon,hubeam@hemo.ga
Duane Edwards,askadnac@gefi.je
Jeff Pratt,abin@heshefud.se
Gordon Anderson,wuregu@vu.ke
Clarence Jenkins,cojvejcid@do.tt
Genevieve Sanders,uze@owecu.fi
Sue Mendez,bu@misu.es
Jeanette Bowen,kuga@libfi.sb
Austin McCormick,pagoh@ufo.mh
Kenneth Underwood,ge@cig.om
Myrtie Wilkerson,inseh@rooz.bt
Marc Cooper,rol@reg.tp
Patrick Green,ozigo@ahota.ee
Beulah Pratt,ohje@nupsilka.pg
Vincent Sanders,nen@roz.sh
Dale Flowers,fufavluc@ul.do
Esther Mendoza,ma@na.na
Elva Griffin,fot@ribe.ax
Winnie Cruz,gizharu@buwarik.ro
Ollie Yates,ev@gev.tk
Lee Sharp,otovukab@zut.vg
Alberta Sullivan,zeh@wuimpu.mn
Ora Bradley,agri@rucrokat.lk
Edwin Lee,jal@rivtokre.an
Jayden Griffith,na@lejalkic.an
Harriett Padilla,pe@beg.ph
Ricardo Cooper,nidle@giguada.nl
Victoria Phillips,noden@zo.edu
Earl Holland,zo@ofagejja.fm
Nettie Wilkins,feofi@nito.mz
Christian Collins,vov@vazajpi.mv
Katherine Harris,sa@bumu.dk
Henrietta Hudson,cipjim@ekriun.au
Elva Kennedy,su@kedfuv.gp
Katie Webster,wodef@vifekpo.ug
Virgie Gonzalez,odejek@zefkac.vg
Louisa Poole,nomebmiz@luncano.gov
Herman Moody,ram@ra.km
Verna Montgomery,tijubo@werezen.to
Gerald Salazar,fov@zeho.kr
Roy Gardner,kogi@pi.pn
Georgia Pratt,ga@zad.pm
Frank Buchanan,siogu@cuk.bo
Christina Hodges,babu@alju.dj
Joe Joseph,ron@sodaf.me
Genevieve Herrera,fetevunu@ce.pw
James Bell,beafbed@duspujno.sn
Christopher Martin,fefpodaz@ced.cv
Francis Hernandez,jisa@vophatke.es
Miguel Miller,fulhu@fogzal.de
Ryan Craig,vomdu@igami.ni
Douglas Smith,fetnooda@wev.pe
Mike Estrada,za@ag.de
Bryan Guerrero,cuus@cegte.cf
Adeline Silva,hedsor@ku.sb
Micheal Ellis,rofgumdah@vukde.uz
Dale Garza,werbahnuz@uvu.mo
Jacob Potter,ini@zusewov.mu
Teresa Vargas,paawurub@da.pg
Maggie Oliver,ibuboc@ub.uy
Ina Knight,covil@nidpol.sb
Jack Hardy,pagkisac@uverica.kr
Louis Morales,jialijas@mejkufaj.np
Billy Marsh,ruminu@tude.ua
Edwin Wright,jo@doatkon.la
Shane Page,habvevib@luc.fj
Amelia Chavez,widvahez@leme.bd
Noah Jordan,nidorhe@endo.om
Lawrence Day,juagejul@ecren.ai
Brent Pena,giz@lop.lu
Jane Peterson,obfucub@zaj.ba
Mollie Santos,zu@jafu.dj
Philip Wilkerson,kaohu@vabuc.de
Olive Joseph,siefari@narjecjim.io
Roy Bowen,enaaha@oni.gt
Erik Caldwell,mif@feperas.eg
Lillie Reeves,cernum@aridac.ir
Hunter Coleman,ubi@fizziw.pa
Travis Cox,nif@numosce.iq
Carrie Parsons,zacac@alaoca.by
Sophia Harrington,tivu@pij.sb
Margaret Guerrero,vej@fe.ni
Adele Brown,lalhevam@bo.al
Benjamin Stewart,wij@isahe.nr
Della Berry,mino@jakpu.tt
Bernice Wheeler,ida@wap.tt
Alta Hernandez,civ@ri.nl
Mamie Graves,domajmir@obitelfap.mu
Christina Butler,og@ka.es
Bill Matthews,kukwam@vojeppi.kh
Garrett Ramirez,jisezew@tutino.sd
Hettie Munoz,jirutev@uwbet.in
Leona Atkins,zuc@ijvop.jm
Micheal Lane,ju@papuk.ee
Sarah Bryan,umu@goso.sy
Derek Washington,vuwi@ze.bq
Anne Simpson,lon@ud.lk
Susie Carr,inasnas@gorivus.mv
Dorothy Beck,fiufa@akefebmu.na
Jessie McDonald,se@ek.cl
Bernard Greer,rimikra@so.by
Lucy Palmer,edar@dolug.lv
Ryan Parsons,zulfepe@fe.gh
Fannie Jones,mewom@fikuwcas.ad
Henrietta Valdez,renci@piwbag.in
James Carroll,jiloni@nojkuzar.rs
Anne Morgan,tezubega@kit.eu
Theodore Greene,fuz@wegzomtu.aw
Beulah Reeves,vatodnar@jucwam.at
Cordelia Fuller,nilheb@te.tn
Paul Sandoval,jowgan@oj.bn
Jean Weaver,nunik@ilovecwol.pa
Eliza Warren,no@daje.vg
Virgie McKinney,sozsar@vinic.et
Emilie Fletcher,wuf@rut.gi
Alexander Brown,curip@fojogo.gs
Tony Collier,cupzoz@je.tp
Robert Dean,ha@lo.fo
Mitchell Ingram,baro@li.ag
Alice Glover,piafi@ke.bw
Sophie Morrison,ikalakkow@bota.tj
Nancy Cobb,tog@tumewate.zw
Bernice Cook,packet@la.vn
Luella Lloyd,ku@ve.sa
Mamie Santos,kofelhit@desnenhe.im
Joseph Ortiz,mu@ve.ao
Jordan Perez,ma@odi.vg
Connor Cox,cabbup@jam.mo
Sally Sherman,wiwur@ukowil.et
Jackson Stewart,ozaijkud@se.ly
Caroline Pierce,houvufal@cippikvip.ir
Ray Fletcher,nenceza@lup.al
Manuel Walker,jafenaw@puv.tj
Adrian Nash,uhi@zotu.zm
Willie Weaver,be@serif.vn
Jesse Becker,feh@sa.tc
Marian Phillips,anobuene@viwkabo.ml
Eleanor Reese,dif@himpov.lk
Francis Wells,cozcu@puzdekjat.an
Lilly Kelley,huab@wombekwa.bn
Donald Farmer,jir@mufamrim.zw
Walter Malone,mef@bufalbet.dj
Nell Casey,navijat@la.am
Betty Parker,il@poomihi.zm
Grace Owens,vi@illes.tj
Amelia Yates,egrel@sa.zw
Hannah Bridges,dagi@pukzujup.al
Evan French,onpe@polehum.dj
Jeanette Stevenson,togocebe@sa.dz
Mabel Ruiz,nuf@loirco.st
Celia Jefferson,je@fukouc.eu
Fanny Wolfe,des@babed.zm
Jonathan Lyons,ro@labhemi.sd
Randall Knight,jo@ahe.bs
Mike Ramos,wamil@naljalto.mo
Jared Daniels,okotojca@wepujro.lt
Jerry Allen,ni@ohobak.pl
Victoria Klein,lebhe@virwila.ie
Lucille Roy,bani@eripup.np
Bettie Mills,cerazoodu@mehni.kg
Herman Nguyen,zubwig@edsohak.to
Bess Ryan,fuuno@tovu.ac
Mamie Jimenez,ujiumuhe@hitbeg.mu
Leroy Cross,haj@buupivev.fo
Lettie Tate,haz@vesjizdi.es
Anne Grant,ovo@elifahzin.ua
Cole Blair,levup@safbom.it
Jack Cooper,ki@izemo.tz
Beulah Gross,hotboegi@zolu.cl
Adrian Nguyen,radajbe@rorpiije.py
Nathan Nguyen,uta@geglaka.mv
Adrian Ballard,enbekes@vaduz.gg
Landon Taylor,voz@use.az
Jeffery Gilbert,puham@guvdehzat.cc
Phillip Peterson,peuvak@zesi.al
Randy Chambers,udliwdes@ujekivlef.sc
Teresa Cross,leiza@wizem.az
Leon Burke,ke@alku.sv
Chad Torres,ekpe@uneleg.ru
Henrietta Singleton,hektehfer@lezubuwoj.kg
Hunter Sullivan,ewitej@efli.bs
Todd Hanson,lajde@sugma.mn
Rebecca Tucker,gu@wud.ke
Connor Crawford,geco@wunan.lb
Tyler Frank,awoavovup@tovin.cw
Myrtle Hamilton,huv@edo.bv
Joe Fowler,jephapgik@kukaggud.ax
Janie Bowen,te@fubtopi.ci
Danny Black,ciszad@to.su
Andre Bates,niohuaga@kehje.vc
Henrietta Santos,nukbew@di.bf
Bertie Williamson,kew@biflo.se
Noah Wilson,bile@gutavus.ar
Ollie Mills,us@upi.sd
David Curtis,vomodvuw@nadke.io
Adrian Ball,caewarip@heobupa.tt
Larry Olson,lotkit@adolo.lb
Susan Gross,itkiaz@jucifug.bq
Myrtle Ryan,ubigesur@vipeora.ru
Phoebe Hicks,liripuj@ovcatpo.ye
Daniel Edwards,uja@lupjuw.nf
Lee Davidson,ip@toluw.se
Shawn Torres,pidijivok@webeepe.gt
Gertrude Yates,bunocod@efpanmun.th
Erik Fitzgerald,oku@beozo.ve
Harry Cummings,fa@kelarura.tm
Robert Black,ve@su.sa
Mildred Copeland,piho@mi.ec
Hester Adkins,la@ohba.ni
Lou Cunningham,rolrac@gerrezu.mk
Esther Wade,rifjep@mo.bi
Adeline Cortez,beavi@zawi.bb
Lloyd Munoz,fekog@wasusu.co.uk
Curtis Torres,da@nodkoobu.gy
Beulah Scott,ullap@ceposzo.id
Jason Nguyen,bealice@te.ht
Bryan Griffin,amewifvow@lima.io
Dean Martinez,rij@caz.nr
Antonio Frank,raap@oj.gy
Larry Boone,ota@vocef.dz
Rosetta Bush,mijvav@te.hr
Elva Bowen,colji@canok.qa
Eliza McLaughlin,sitfurbe@pebazfaz.pt
Luella Douglas,apaneta@moije.ao
Matthew Luna,kol@pehdiub.bv
Josephine Ryan,icmufha@umu.mc
Stanley Parker,maof@jo.uz
Eddie Pratt,jipe@sajodda.km
Andre Walker,bigokov@bilo.mq
Joshua Hale,locveoga@dobmosos.nu
Dean Clarke,rarful@kez.mt
Austin Silva,pazukgid@bur.ls
Isaac Terry,fizsu@dow.tt
Lucille Harvey,cevhespo@oco.hk
Ronald Lynch,bivogfoj@mobnapos.mu
Sam Newton,lehar@ofa.bi
Kenneth Swanson,ram@osredif.dm
Andre Garcia,mu@gopelep.it
Elva Bowman,nitgamid@ertomko.lv
Ronald Griffin,hizso@zalna.mz
Mabel Delgado,la@tijo.it
Della Snyder,ca@simhid.wf
Jeremy Baker,godjogfom@pab.pf
Lora Dixon,bop@en.bo
Katie Gordon,ne@gi.st
Alvin Larson,ruc@cu.ec
Stanley Salazar,roc@kawuni.er
Evelyn Hamilton,ucadet@zacvoj.ml
Jeanette Williams,poffijaj@ko.io
Darrell Lawson,nahobo@vafwaz.bs
Clarence Rodriquez,uwiwuv@vut.bj
Elsie Weber,or@dugzowlet.nr
Lula Guerrero,igfen@kocogeg.vi
Joseph Hampton,uvisok@ulruzco.br
Marc Nichols,facow@let.ps
Verna Perry,re@catibas.bh
Max Medina,mot@tolsabu.va
Johnny Olson,ubro@giv.th
Steven Garrett,nibaji@rilticme.it
Lilly Davidson,edtoza@fo.kh
Thomas Sandoval,bejmo@kewdek.bq
Maude Obrien,ihozide@vu.fr
Johanna Carr,isiawi@rabit.eu
Pearl Bryant,hotahe@bicive.sj
Philip Wolfe,noffopag@pu.sj
Clara Quinn,kepa@lufaham.gp
Bernice Higgins,hiwvomod@sagvinaj.mg
Nettie Curry,rojvehmoc@jizhesmu.ht
Gerald Hogan,as@ce.km
Elmer Harrison,no@ga.ee
Martin Bates,cife@ucekoklum.ht
Timothy Jefferson,bop@odi.ae
Julia Weaver,fu@molse.tj
Claudia Barton,gi@jabpo.uk
Jesse Schmidt,wognif@nis.vu
Douglas Bryan,dekburom@owlum.es
Lela Simmons,da@ciguifa.co.uk
Sophia Harrison,ri@wevguk.sm
Antonio Parker,kab@pukkot.nl
Jordan Bowers,kobogpa@kaluru.se
Duane Herrera,sodja@vub.an
Catherine Ward,injesofu@ufwe.bj
Jesus Hogan,biikcap@avagav.us
Augusta Parks,aru@icu.cn
Vernon Black,wafur@sabje.gt
Beatrice Ramsey,zuvimari@ijitup.bq
Christopher Patrick,utiavwim@ewodik.bq
Brian Gray,sij@jofez.nr
Bettie Delgado,or@logzik.me
Benjamin McDonald,ushivid@ogum.ml
Charlie Fernandez,tud@kucehwik.gh
Alfred Hughes,gubnuw@go.su
Gerald Dean,hohiz@womummi.kn
Eric Yates,dacif@elubomuc.co
Lucy Powell,ripul@da.no
Jessie Smith,midar@piafeseh.cu
Lettie Caldwell,bengen@wib.kw
Donald Gregory,tesgebi@boz.vn
Minnie Hardy,dulbofewu@maz.ni
Sophia Collins,difugsu@ge.ac
Martha Norman,witkuzdid@sudaz.im
Mitchell Howard,tuska@ecage.ac
Henry Conner,em@kasfov.pm
Lily Fox,rebujo@maficed.qa